Year,Week,Need State,Amount
2021,1,Need State 1,3426.75
2022,1,Need State 1,3657.0
2023,1,Need State 1,2919.75
2021,1,Need State 2,12698.25
2022,1,Need State 2,11636.25
2023,1,Need State 2,7142.25
2021,1,Need State 3,11279.25
2022,1,Need State 3,7750.5
2023,1,Need State 3,8040.0
2021,1,Need State 4,16803.0
2022,1,Need State 4,17230.5
2023,1,Need State 4,8859.75
2021,1,Need State 5,285.75
2022,1,Need State 5,537.0
2023,1,Need State 5,937.5
2021,1,Need State 6,6226.5
2022,1,Need State 6,9000.75
2023,1,Need State 6,6349.5
2021,2,Need State 1,4221.75
2022,2,Need State 1,3806.25
2023,2,Need State 1,2760.75
2021,2,Need State 2,18210.0
2022,2,Need State 2,9718.5
2023,2,Need State 2,7864.5
2021,2,Need State 3,9659.25
2022,2,Need State 3,6705.0
2023,2,Need State 3,5007.75
2021,2,Need State 4,16849.5
2022,2,Need State 4,13074.75
2023,2,Need State 4,8436.0
2021,2,Need State 5,276.0
2022,2,Need State 5,411.75
2023,2,Need State 5,875.25
2021,2,Need State 6,7128.75
2022,2,Need State 6,8354.25
2023,2,Need State 6,5749.5
2021,3,Need State 1,2959.5
2022,3,Need State 1,3765.75
2023,3,Need State 1,2525.25
2021,3,Need State 2,12725.25
2022,3,Need State 2,9857.25
2023,3,Need State 2,8031.0
2021,3,Need State 3,11369.25
2022,3,Need State 3,8472.0
2023,3,Need State 3,5653.5
2021,3,Need State 4,14108.25
2022,3,Need State 4,11168.25
2023,3,Need State 4,7923.75
2021,3,Need State 5,237.75
2022,3,Need State 5,540.75
2023,3,Need State 5,1019.25
2021,3,Need State 6,6423.75
2022,3,Need State 6,8982.75
2023,3,Need State 6,5434.5
2021,4,Need State 1,3402.75
2022,4,Need State 1,3984.0
2023,4,Need State 1,3274.5
2021,4,Need State 2,19290.75
2022,4,Need State 2,12634.5
2023,4,Need State 2,14619.75
2021,4,Need State 3,8376.0
2022,4,Need State 3,8309.25
2023,4,Need State 3,6666.75
2021,4,Need State 4,20616.0
2022,4,Need State 4,19377.0
2023,4,Need State 4,17929.5
2021,4,Need State 5,433.5
2022,4,Need State 5,601.5
2023,4,Need State 5,1093.5
2021,4,Need State 6,6801.0
2022,4,Need State 6,8905.5
2023,4,Need State 6,12224.25
2021,5,Need State 1,3440.25
2022,5,Need State 1,2999.25
2023,5,Need State 1,2631.0
2021,5,Need State 2,12869.25
2022,5,Need State 2,8575.5
2023,5,Need State 2,11294.25
2021,5,Need State 3,9748.5
2022,5,Need State 3,5844.75
2023,5,Need State 3,6546.75
2021,5,Need State 4,13823.25
2022,5,Need State 4,10166.25
2023,5,Need State 4,9504.75
2021,5,Need State 5,233.25
2022,5,Need State 5,541.5
2023,5,Need State 5,2187.0
2021,5,Need State 6,6545.25
2022,5,Need State 6,6419.25
2023,5,Need State 6,6025.5
2021,6,Need State 1,2619.0
2022,6,Need State 1,3231.75
2023,6,Need State 1,2621.25
2021,6,Need State 2,14770.5
2022,6,Need State 2,7626.0
2023,6,Need State 2,6878.25
2021,6,Need State 3,7694.25
2022,6,Need State 3,5243.25
2023,6,Need State 3,5243.25
2021,6,Need State 4,13392.75
2022,6,Need State 4,10544.25
2023,6,Need State 4,8709.0
2021,6,Need State 5,370.5
2022,6,Need State 5,758.25
2023,6,Need State 5,4014.75
2021,6,Need State 6,5718.0
2022,6,Need State 6,6573.0
2023,6,Need State 6,6106.5
2021,7,Need State 1,3240.75
2022,7,Need State 1,2896.5
2023,7,Need State 1,2297.25
2021,7,Need State 2,13758.0
2022,7,Need State 2,6586.5
2023,7,Need State 2,7881.75
2021,7,Need State 3,12636.0
2022,7,Need State 3,7948.5
2023,7,Need State 3,7605.75
2021,7,Need State 4,14490.0
2022,7,Need State 4,9573.75
2023,7,Need State 4,7854.0
2021,7,Need State 5,315.75
2022,7,Need State 5,493.5
2023,7,Need State 5,2139.75
2021,7,Need State 6,7878.0
2022,7,Need State 6,6710.25
2023,7,Need State 6,5668.5
2021,8,Need State 1,3461.25
2022,8,Need State 1,2938.5
2023,8,Need State 1,2717.25
2021,8,Need State 2,14404.5
2022,8,Need State 2,7532.25
2023,8,Need State 2,7542.0
2021,8,Need State 3,8955.0
2022,8,Need State 3,4886.25
2023,8,Need State 3,5856.0
2021,8,Need State 4,13727.25
2022,8,Need State 4,9941.25
2023,8,Need State 4,9372.75
2021,8,Need State 5,551.25
2022,8,Need State 5,748.5
2023,8,Need State 5,1893.0
2021,8,Need State 6,6035.25
2022,8,Need State 6,8185.5
2023,8,Need State 6,6065.25
2021,9,Need State 1,3045.0
2022,9,Need State 1,3370.5
2023,9,Need State 1,3062.25
2021,9,Need State 2,10047.75
2022,9,Need State 2,6529.5
2023,9,Need State 2,8510.25
2021,9,Need State 3,8427.75
2022,9,Need State 3,5438.25
2023,9,Need State 3,7410.0
2021,9,Need State 4,11023.5
2022,9,Need State 4,8024.25
2023,9,Need State 4,8770.5
2021,9,Need State 5,675.75
2022,9,Need State 5,1540.5
2023,9,Need State 5,3548.25
2021,9,Need State 6,5799.0
2022,9,Need State 6,6075.75
2023,9,Need State 6,5964.75
2021,10,Need State 1,3942.75
2022,10,Need State 1,3465.0
2023,10,Need State 1,2283.75
2021,10,Need State 2,12971.25
2022,10,Need State 2,6819.0
2023,10,Need State 2,8500.5
2021,10,Need State 3,9404.25
2022,10,Need State 3,4990.5
2023,10,Need State 3,5521.5
2021,10,Need State 4,12563.25
2022,10,Need State 4,8870.25
2023,10,Need State 4,8442.0
2021,10,Need State 5,995.25
2022,10,Need State 5,726.0
2023,10,Need State 5,1425.75
2021,10,Need State 6,5229.0
2022,10,Need State 6,5880.75
2023,10,Need State 6,5513.25
2021,11,Need State 1,4527.0
2022,11,Need State 1,4341.0
2023,11,Need State 1,3463.5
2021,11,Need State 2,10590.75
2022,11,Need State 2,7100.25
2023,11,Need State 2,8667.75
2021,11,Need State 3,9249.0
2022,11,Need State 3,7619.25
2023,11,Need State 3,7584.75
2021,11,Need State 4,12119.25
2022,11,Need State 4,9240.0
2023,11,Need State 4,9414.75
2021,11,Need State 5,1776.75
2022,11,Need State 5,1792.5
2023,11,Need State 5,2628.75
2021,11,Need State 6,5707.5
2022,11,Need State 6,6043.5
2023,11,Need State 6,6131.25
2021,12,Need State 1,5049.75
2022,12,Need State 1,5413.5
2023,12,Need State 1,2735.25
2021,12,Need State 2,10084.5
2022,12,Need State 2,7289.25
2023,12,Need State 2,6966.0
2021,12,Need State 3,7868.25
2022,12,Need State 3,4386.0
2023,12,Need State 3,5775.75
2021,12,Need State 4,12805.5
2022,12,Need State 4,10481.25
2023,12,Need State 4,8088.0
2021,12,Need State 5,2505.0
2022,12,Need State 5,2394.0
2023,12,Need State 5,2742.0
2021,12,Need State 6,6843.0
2022,12,Need State 6,6873.0
2023,12,Need State 6,5236.5
2021,13,Need State 1,5021.25
2022,13,Need State 1,4136.25
2023,13,Need State 1,3575.25
2021,13,Need State 2,9434.25
2022,13,Need State 2,6840.0
2023,13,Need State 2,8259.0
2021,13,Need State 3,10521.0
2022,13,Need State 3,6857.25
2023,13,Need State 3,4848.0
2021,13,Need State 4,11544.0
2022,13,Need State 4,8949.0
2023,13,Need State 4,7207.5
2021,13,Need State 5,3737.25
2022,13,Need State 5,1094.25
2023,13,Need State 5,2496.75
2021,13,Need State 6,5844.75
2022,13,Need State 6,5549.25
2023,13,Need State 6,5472.75
2021,14,Need State 1,7921.5
2022,14,Need State 1,5704.5
2023,14,Need State 1,2765.25
2021,14,Need State 2,14040.75
2022,14,Need State 2,8550.75
2023,14,Need State 2,6927.75
2021,14,Need State 3,12336.75
2022,14,Need State 3,5988.0
2023,14,Need State 3,4256.25
2021,14,Need State 4,14825.25
2022,14,Need State 4,10015.5
2023,14,Need State 4,6756.0
2021,14,Need State 5,6728.25
2022,14,Need State 5,1938.75
2023,14,Need State 5,7094.25
2021,14,Need State 6,8559.75
2022,14,Need State 6,6033.75
2023,14,Need State 6,4804.5
2021,15,Need State 1,8265.0
2022,15,Need State 1,4307.25
2023,15,Need State 1,4332.0
2021,15,Need State 2,15936.0
2022,15,Need State 2,7314.75
2023,15,Need State 2,9660.75
2021,15,Need State 3,11125.5
2022,15,Need State 3,4491.75
2023,15,Need State 3,8676.75
2021,15,Need State 4,22781.25
2022,15,Need State 4,8343.0
2023,15,Need State 4,10069.5
2021,15,Need State 5,6337.5
2022,15,Need State 5,1767.0
2023,15,Need State 5,6849.75
2021,15,Need State 6,7908.75
2022,15,Need State 6,5556.75
2023,15,Need State 6,8177.25
2021,16,Need State 1,9694.5
2022,16,Need State 1,6462.75
2023,16,Need State 1,4167.75
2021,16,Need State 2,15492.0
2022,16,Need State 2,10150.5
2023,16,Need State 2,8663.25
2021,16,Need State 3,11022.75
2022,16,Need State 3,7133.25
2023,16,Need State 3,6813.75
2021,16,Need State 4,14601.0
2022,16,Need State 4,12491.25
2023,16,Need State 4,9841.5
2021,16,Need State 5,8767.5
2022,16,Need State 5,3873.0
2023,16,Need State 5,5802.0
2021,16,Need State 6,10527.0
2022,16,Need State 6,8270.25
2023,16,Need State 6,7598.25
2021,17,Need State 1,9465.75
2022,17,Need State 1,5088.0
2023,17,Need State 1,4409.25
2021,17,Need State 2,12170.25
2022,17,Need State 2,6726.0
2023,17,Need State 2,8235.0
2021,17,Need State 3,12348.75
2022,17,Need State 3,4959.75
2023,17,Need State 3,6177.75
2021,17,Need State 4,13516.5
2022,17,Need State 4,6842.25
2023,17,Need State 4,7993.5
2021,17,Need State 5,7281.0
2022,17,Need State 5,2907.0
2023,17,Need State 5,4909.5
2021,17,Need State 6,11718.0
2022,17,Need State 6,6912.0
2023,17,Need State 6,7570.5
2021,18,Need State 1,9294.0
2022,18,Need State 1,5722.5
2023,18,Need State 1,5298.75
2021,18,Need State 2,14530.5
2022,18,Need State 2,7780.5
2023,18,Need State 2,7530.75
2021,18,Need State 3,9120.0
2022,18,Need State 3,5751.75
2023,18,Need State 3,6449.25
2021,18,Need State 4,14590.5
2022,18,Need State 4,8835.75
2023,18,Need State 4,7897.5
2021,18,Need State 5,13542.0
2022,18,Need State 5,6534.0
2023,18,Need State 5,7177.5
2021,18,Need State 6,11941.5
2022,18,Need State 6,7340.25
2023,18,Need State 6,7011.75
2021,19,Need State 1,11571.0
2022,19,Need State 1,5211.0
2023,19,Need State 1,6633.75
2021,19,Need State 2,11547.0
2022,19,Need State 2,7908.0
2023,19,Need State 2,9257.25
2021,19,Need State 3,13093.5
2022,19,Need State 3,5200.5
2023,19,Need State 3,6885.75
2021,19,Need State 4,12529.5
2022,19,Need State 4,7607.25
2023,19,Need State 4,8042.25
2021,19,Need State 5,17999.25
2022,19,Need State 5,6714.0
2023,19,Need State 5,8891.25
2021,19,Need State 6,16122.75
2022,19,Need State 6,9194.25
2023,19,Need State 6,8346.0
2021,20,Need State 1,10518.0
2022,20,Need State 1,6423.0
2023,20,Need State 1,5106.0
2021,20,Need State 2,12012.0
2022,20,Need State 2,7419.0
2023,20,Need State 2,5958.75
2021,20,Need State 3,10692.0
2022,20,Need State 3,6698.25
2023,20,Need State 3,5414.25
2021,20,Need State 4,12645.0
2022,20,Need State 4,7792.5
2023,20,Need State 4,7575.75
2021,20,Need State 5,28365.75
2022,20,Need State 5,7275.0
2023,20,Need State 5,11021.25
2021,20,Need State 6,14102.25
2022,20,Need State 6,6375.0
2023,20,Need State 6,7911.0
2021,21,Need State 1,9945.0
2022,21,Need State 1,6408.0
2023,21,Need State 1,6156.0
2021,21,Need State 2,9823.5
2022,21,Need State 2,7626.75
2023,21,Need State 2,9289.5
2021,21,Need State 3,10530.0
2022,21,Need State 3,5193.75
2023,21,Need State 3,6283.5
2021,21,Need State 4,11053.5
2022,21,Need State 4,9372.0
2023,21,Need State 4,8646.0
2021,21,Need State 5,16926.0
2022,21,Need State 5,6359.25
2023,21,Need State 5,5580.75
2021,21,Need State 6,13658.25
2022,21,Need State 6,9875.25
2023,21,Need State 6,7395.0
2021,22,Need State 1,8270.25
2022,22,Need State 1,6981.75
2023,22,Need State 1,6244.5
2021,22,Need State 2,10550.25
2022,22,Need State 2,7138.5
2023,22,Need State 2,7449.0
2021,22,Need State 3,8646.75
2022,22,Need State 3,6801.75
2023,22,Need State 3,6373.5
2021,22,Need State 4,12019.5
2022,22,Need State 4,9641.25
2023,22,Need State 4,8259.75
2021,22,Need State 5,20357.25
2022,22,Need State 5,7629.75
2023,22,Need State 5,10229.25
2021,22,Need State 6,11581.5
2022,22,Need State 6,8523.75
2023,22,Need State 6,7970.25
2021,23,Need State 1,7458.75
2022,23,Need State 1,6810.0
2023,23,Need State 1,7345.5
2021,23,Need State 2,10377.0
2022,23,Need State 2,8532.75
2023,23,Need State 2,7594.5
2021,23,Need State 3,9419.25
2022,23,Need State 3,5866.5
2023,23,Need State 3,8634.0
2021,23,Need State 4,10047.75
2022,23,Need State 4,10461.0
2023,23,Need State 4,7887.75
2021,23,Need State 5,12407.25
2022,23,Need State 5,4884.0
2023,23,Need State 5,4476.75
2021,23,Need State 6,12146.25
2022,23,Need State 6,7867.5
2023,23,Need State 6,6733.5
2021,24,Need State 1,5764.5
2022,24,Need State 1,8342.25
2023,24,Need State 1,4947.75
2021,24,Need State 2,7430.25
2022,24,Need State 2,6761.25
2023,24,Need State 2,6601.5
2021,24,Need State 3,6986.25
2022,24,Need State 3,7352.25
2023,24,Need State 3,7368.75
2021,24,Need State 4,10372.5
2022,24,Need State 4,6513.0
2023,24,Need State 4,6587.25
2021,24,Need State 5,11602.5
2022,24,Need State 5,3603.0
2023,24,Need State 5,3870.75
2021,24,Need State 6,11598.75
2022,24,Need State 6,7953.75
2023,24,Need State 6,6722.25
2021,25,Need State 1,5799.0
2022,25,Need State 1,6725.25
2023,25,Need State 1,5104.5
2021,25,Need State 2,8093.25
2022,25,Need State 2,5844.0
2023,25,Need State 2,6876.75
2021,25,Need State 3,8842.5
2022,25,Need State 3,5948.25
2023,25,Need State 3,7879.5
2021,25,Need State 4,9849.0
2022,25,Need State 4,8349.0
2023,25,Need State 4,6353.25
2021,25,Need State 5,14219.25
2022,25,Need State 5,5925.0
2023,25,Need State 5,8675.25
2021,25,Need State 6,9384.0
2022,25,Need State 6,9046.5
2023,25,Need State 6,7122.0
2021,26,Need State 1,4686.75
2022,26,Need State 1,4088.25
2023,26,Need State 1,5976.75
2021,26,Need State 2,6697.5
2022,26,Need State 2,5825.25
2023,26,Need State 2,5448.75
2021,26,Need State 3,7251.75
2022,26,Need State 3,7233.0
2023,26,Need State 3,4768.5
2021,26,Need State 4,8484.75
2022,26,Need State 4,7595.25
2023,26,Need State 4,7467.0
2021,26,Need State 5,9683.25
2022,26,Need State 5,5229.0
2023,26,Need State 5,7122.0
2021,26,Need State 6,7965.75
2022,26,Need State 6,7309.5
2023,26,Need State 6,7708.5
2021,27,Need State 1,5145.75
2022,27,Need State 1,6627.75
2023,27,Need State 1,3849.75
2021,27,Need State 2,7224.0
2022,27,Need State 2,6452.25
2023,27,Need State 2,8272.5
2021,27,Need State 3,7355.25
2022,27,Need State 3,6956.25
2023,27,Need State 3,7866.0
2021,27,Need State 4,9808.5
2022,27,Need State 4,8072.25
2023,27,Need State 4,7537.5
2021,27,Need State 5,6409.5
2022,27,Need State 5,5319.0
2023,27,Need State 5,7592.25
2021,27,Need State 6,9339.0
2022,27,Need State 6,7772.25
2023,27,Need State 6,7256.25
2021,28,Need State 1,4277.25
2022,28,Need State 1,5946.0
2023,28,Need State 1,3991.5
2021,28,Need State 2,8355.75
2022,28,Need State 2,6469.5
2023,28,Need State 2,6987.75
2021,28,Need State 3,5880.0
2022,28,Need State 3,6462.0
2023,28,Need State 3,6985.5
2021,28,Need State 4,8745.75
2022,28,Need State 4,7249.5
2023,28,Need State 4,6676.5
2021,28,Need State 5,4857.0
2022,28,Need State 5,4953.75
2023,28,Need State 5,3705.0
2021,28,Need State 6,8558.25
2022,28,Need State 6,10165.5
2023,28,Need State 6,8790.75
2021,29,Need State 1,3400.5
2022,29,Need State 1,4268.25
2023,29,Need State 1,3461.25
2021,29,Need State 2,5889.75
2022,29,Need State 2,5252.25
2023,29,Need State 2,5758.5
2021,29,Need State 3,7737.75
2022,29,Need State 3,5979.0
2023,29,Need State 3,7682.25
2021,29,Need State 4,8175.0
2022,29,Need State 4,6978.75
2023,29,Need State 4,7437.0
2021,29,Need State 5,2762.25
2022,29,Need State 5,2443.5
2023,29,Need State 5,3881.25
2021,29,Need State 6,7830.0
2022,29,Need State 6,7777.5
2023,29,Need State 6,8167.5
2021,30,Need State 1,4156.5
2022,30,Need State 1,5478.0
2023,30,Need State 1,3765.75
2021,30,Need State 2,6570.75
2022,30,Need State 2,6114.75
2023,30,Need State 2,7765.5
2021,30,Need State 3,5929.5
2022,30,Need State 3,5761.5
2023,30,Need State 3,6594.75
2021,30,Need State 4,8167.5
2022,30,Need State 4,8566.5
2023,30,Need State 4,7371.0
2021,30,Need State 5,3534.75
2022,30,Need State 5,3564.75
2023,30,Need State 5,5003.25
2021,30,Need State 6,8070.0
2022,30,Need State 6,8115.75
2023,30,Need State 6,8322.75
2021,31,Need State 1,3395.25
2022,31,Need State 1,3631.5
2023,31,Need State 1,2844.0
2021,31,Need State 2,6599.25
2022,31,Need State 2,6512.25
2023,31,Need State 2,6812.25
2021,31,Need State 3,5922.75
2022,31,Need State 3,5908.5
2023,31,Need State 3,6403.5
2021,31,Need State 4,8409.75
2022,31,Need State 4,8521.5
2023,31,Need State 4,7686.0
2021,31,Need State 5,2136.0
2022,31,Need State 5,2650.5
2023,31,Need State 5,4181.25
2021,31,Need State 6,7860.0
2022,31,Need State 6,6699.0
2023,31,Need State 6,6112.5
2021,32,Need State 1,3780.75
2022,32,Need State 1,5435.25
2023,32,Need State 1,3442.5
2021,32,Need State 2,7659.75
2022,32,Need State 2,6411.0
2023,32,Need State 2,5285.25
2021,32,Need State 3,7146.75
2022,32,Need State 3,7677.75
2023,32,Need State 3,5403.75
2021,32,Need State 4,10485.75
2022,32,Need State 4,9502.5
2023,32,Need State 4,7364.25
2021,32,Need State 5,3093.75
2022,32,Need State 5,3603.75
2023,32,Need State 5,2303.25
2021,32,Need State 6,7491.0
2022,32,Need State 6,6674.25
2023,32,Need State 6,7658.25
2021,33,Need State 1,3655.5
2022,33,Need State 1,4350.0
2023,33,Need State 1,4605.0
2021,33,Need State 2,5667.0
2022,33,Need State 2,5250.0
2023,33,Need State 2,7611.75
2021,33,Need State 3,6741.0
2022,33,Need State 3,5808.0
2023,33,Need State 3,8136.0
2021,33,Need State 4,9972.0
2022,33,Need State 4,9363.0
2023,33,Need State 4,8100.0
2021,33,Need State 5,2869.5
2022,33,Need State 5,3119.25
2023,33,Need State 5,2762.25
2021,33,Need State 6,8354.25
2022,33,Need State 6,8133.75
2023,33,Need State 6,6474.75
2021,34,Need State 1,4038.75
2022,34,Need State 1,4778.25
2023,34,Need State 1,3937.5
2021,34,Need State 2,6619.5
2022,34,Need State 2,5809.5
2023,34,Need State 2,4529.25
2021,34,Need State 3,6010.5
2022,34,Need State 3,5187.0
2023,34,Need State 3,4803.75
2021,34,Need State 4,10860.0
2022,34,Need State 4,7475.25
2023,34,Need State 4,9905.25
2021,34,Need State 5,1594.5
2022,34,Need State 5,1461.75
2023,34,Need State 5,1339.5
2021,34,Need State 6,7929.75
2022,34,Need State 6,8025.75
2023,34,Need State 6,6815.25
2021,35,Need State 1,3996.0
2022,35,Need State 1,4641.0
2023,35,Need State 1,3063.75
2021,35,Need State 2,6052.5
2022,35,Need State 2,6198.0
2023,35,Need State 2,6837.75
2021,35,Need State 3,8017.5
2022,35,Need State 3,6813.75
2023,35,Need State 3,6606.0
2021,35,Need State 4,9233.25
2022,35,Need State 4,8436.0
2023,35,Need State 4,7820.25
2021,35,Need State 5,1974.0
2022,35,Need State 5,2079.75
2023,35,Need State 5,2147.25
2021,35,Need State 6,6942.75
2022,35,Need State 6,6975.0
2023,35,Need State 6,6507.0
2021,36,Need State 1,2899.5
2022,36,Need State 1,3075.0
2023,36,Need State 1,2633.25
2021,36,Need State 2,8075.25
2022,36,Need State 2,6070.5
2023,36,Need State 2,7330.5
2021,36,Need State 3,5499.0
2022,36,Need State 3,5092.5
2023,36,Need State 3,4928.25
2021,36,Need State 4,10282.5
2022,36,Need State 4,7473.75
2023,36,Need State 4,8358.75
2021,36,Need State 5,1316.25
2022,36,Need State 5,988.5
2023,36,Need State 5,1051.5
2021,36,Need State 6,6576.75
2022,36,Need State 6,5630.25
2023,36,Need State 6,6108.0
2021,37,Need State 1,4110.75
2022,37,Need State 1,3638.25
2023,37,Need State 1,2598.0
2021,37,Need State 2,6512.25
2022,37,Need State 2,7338.0
2023,37,Need State 2,6317.25
2021,37,Need State 3,7940.25
2022,37,Need State 3,5372.25
2023,37,Need State 3,4743.0
2021,37,Need State 4,9164.25
2022,37,Need State 4,8941.5
2023,37,Need State 4,9430.5
2021,37,Need State 5,1104.75
2022,37,Need State 5,923.25
2023,37,Need State 5,813.75
2021,37,Need State 6,7738.5
2022,37,Need State 6,7951.5
2023,37,Need State 6,7057.5
2021,38,Need State 1,2969.25
2022,38,Need State 1,3049.5
2023,38,Need State 1,2917.5
2021,38,Need State 2,6955.5
2022,38,Need State 2,6208.5
2023,38,Need State 2,7203.0
2021,38,Need State 3,6592.5
2022,38,Need State 3,6168.75
2023,38,Need State 3,6272.25
2021,38,Need State 4,12162.75
2022,38,Need State 4,8235.75
2023,38,Need State 4,7305.0
2021,38,Need State 5,453.75
2022,38,Need State 5,465.75
2023,38,Need State 5,663.75
2021,38,Need State 6,6446.25
2022,38,Need State 6,5983.5
2023,38,Need State 6,5617.5
2021,39,Need State 1,3213.0
2022,39,Need State 1,3129.75
2023,39,Need State 1,3638.25
2021,39,Need State 2,5948.25
2022,39,Need State 2,6656.25
2023,39,Need State 2,6395.25
2021,39,Need State 3,6909.0
2022,39,Need State 3,7268.25
2023,39,Need State 3,6846.0
2021,39,Need State 4,10622.25
2022,39,Need State 4,8616.75
2023,39,Need State 4,7388.25
2021,39,Need State 5,327.0
2022,39,Need State 5,547.5
2023,39,Need State 5,698.25
2021,39,Need State 6,6249.75
2022,39,Need State 6,6127.5
2023,39,Need State 6,5651.25
2021,40,Need State 1,2867.25
2022,40,Need State 1,3091.5
2023,40,Need State 1,2469.0
2021,40,Need State 2,6466.5
2022,40,Need State 2,6437.25
2023,40,Need State 2,6606.75
2021,40,Need State 3,6232.5
2022,40,Need State 3,5062.5
2023,40,Need State 3,5431.5
2021,40,Need State 4,8721.75
2022,40,Need State 4,7726.5
2023,40,Need State 4,8591.25
2021,40,Need State 5,204.75
2022,40,Need State 5,612.75
2023,40,Need State 5,928.5
2021,40,Need State 6,6146.25
2022,40,Need State 6,6417.75
2023,40,Need State 6,6583.5
2021,41,Need State 1,3072.0
2022,41,Need State 1,2377.5
2023,41,Need State 1,0.0
2021,41,Need State 2,7743.75
2022,41,Need State 2,8136.75
2023,41,Need State 2,0.0
2021,41,Need State 3,6338.25
2022,41,Need State 3,6167.25
2023,41,Need State 3,0.0
2021,41,Need State 4,10592.25
2022,41,Need State 4,9090.0
2023,41,Need State 4,0.0
2021,41,Need State 5,226.5
2022,41,Need State 5,399.75
2023,41,Need State 5,0.0
2021,41,Need State 6,6003.75
2022,41,Need State 6,6465.75
2023,41,Need State 6,0.0
2021,42,Need State 1,2651.25
2022,42,Need State 1,2754.0
2023,42,Need State 1,0.0
2021,42,Need State 2,9129.75
2022,42,Need State 2,8856.0
2023,42,Need State 2,0.0
2021,42,Need State 3,4853.25
2022,42,Need State 3,6195.0
2023,42,Need State 3,0.0
2021,42,Need State 4,10680.0
2022,42,Need State 4,7854.0
2023,42,Need State 4,0.0
2021,42,Need State 5,270.75
2022,42,Need State 5,678.75
2023,42,Need State 5,0.0
2021,42,Need State 6,7296.0
2022,42,Need State 6,5978.25
2023,42,Need State 6,0.0
2021,43,Need State 1,2442.75
2022,43,Need State 1,2427.75
2023,43,Need State 1,0.0
2021,43,Need State 2,7565.25
2022,43,Need State 2,6453.75
2023,43,Need State 2,0.0
2021,43,Need State 3,6712.5
2022,43,Need State 3,5993.25
2023,43,Need State 3,0.0
2021,43,Need State 4,9960.75
2022,43,Need State 4,8457.75
2023,43,Need State 4,0.0
2021,43,Need State 5,264.75
2022,43,Need State 5,683.25
2023,43,Need State 5,0.0
2021,43,Need State 6,5988.75
2022,43,Need State 6,5899.5
2023,43,Need State 6,0.0
2021,44,Need State 1,2108.25
2022,44,Need State 1,2514.75
2023,44,Need State 1,0.0
2021,44,Need State 2,7682.25
2022,44,Need State 2,7784.25
2023,44,Need State 2,0.0
2021,44,Need State 3,5549.25
2022,44,Need State 3,4446.75
2023,44,Need State 3,0.0
2021,44,Need State 4,8895.0
2022,44,Need State 4,7491.0
2023,44,Need State 4,0.0
2021,44,Need State 5,219.75
2022,44,Need State 5,526.5
2023,44,Need State 5,0.0
2021,44,Need State 6,5532.0
2022,44,Need State 6,5176.5
2023,44,Need State 6,0.0
2021,45,Need State 1,2079.75
2022,45,Need State 1,2583.0
2023,45,Need State 1,0.0
2021,45,Need State 2,9483.75
2022,45,Need State 2,9892.5
2023,45,Need State 2,0.0
2021,45,Need State 3,6735.75
2022,45,Need State 3,7068.75
2023,45,Need State 3,0.0
2021,45,Need State 4,10631.25
2022,45,Need State 4,9054.75
2023,45,Need State 4,0.0
2021,45,Need State 5,252.75
2022,45,Need State 5,738.75
2023,45,Need State 5,0.0
2021,45,Need State 6,5456.25
2022,45,Need State 6,5328.75
2023,45,Need State 6,0.0
2021,46,Need State 1,2442.75
2022,46,Need State 1,2163.0
2023,46,Need State 1,0.0
2021,46,Need State 2,12681.0
2022,46,Need State 2,10252.5
2023,46,Need State 2,0.0
2021,46,Need State 3,7647.0
2022,46,Need State 3,5205.0
2023,46,Need State 3,0.0
2021,46,Need State 4,9816.75
2022,46,Need State 4,8586.0
2023,46,Need State 4,0.0
2021,46,Need State 5,406.5
2022,46,Need State 5,636.75
2023,46,Need State 5,0.0
2021,46,Need State 6,6828.0
2022,46,Need State 6,8055.0
2023,46,Need State 6,0.0
2021,47,Need State 1,3016.5
2022,47,Need State 1,3263.25
2023,47,Need State 1,0.0
2021,47,Need State 2,14578.5
2022,47,Need State 2,16174.5
2023,47,Need State 2,0.0
2021,47,Need State 3,13239.0
2022,47,Need State 3,12023.25
2023,47,Need State 3,0.0
2021,47,Need State 4,10827.0
2022,47,Need State 4,10875.0
2023,47,Need State 4,0.0
2021,47,Need State 5,647.25
2022,47,Need State 5,1434.0
2023,47,Need State 5,0.0
2021,47,Need State 6,9346.5
2022,47,Need State 6,8850.0
2023,47,Need State 6,0.0
2021,48,Need State 1,2412.0
2022,48,Need State 1,4025.25
2023,48,Need State 1,0.0
2021,48,Need State 2,8278.5
2022,48,Need State 2,17265.0
2023,48,Need State 2,0.0
2021,48,Need State 3,5052.75
2022,48,Need State 3,11451.0
2023,48,Need State 3,0.0
2021,48,Need State 4,10139.25
2022,48,Need State 4,11812.5
2023,48,Need State 4,0.0
2021,48,Need State 5,277.5
2022,48,Need State 5,1345.5
2023,48,Need State 5,0.0
2021,48,Need State 6,6275.25
2022,48,Need State 6,7952.25
2023,48,Need State 6,0.0
2021,49,Need State 1,2110.5
2022,49,Need State 1,2246.25
2023,49,Need State 1,0.0
2021,49,Need State 2,9657.0
2022,49,Need State 2,11385.0
2023,49,Need State 2,0.0
2021,49,Need State 3,5668.5
2022,49,Need State 3,7677.75
2023,49,Need State 3,0.0
2021,49,Need State 4,10624.5
2022,49,Need State 4,10074.75
2023,49,Need State 4,0.0
2021,49,Need State 5,230.25
2022,49,Need State 5,717.0
2023,49,Need State 5,0.0
2021,49,Need State 6,5706.0
2022,49,Need State 6,7626.0
2023,49,Need State 6,0.0
2021,50,Need State 1,2878.5
2022,50,Need State 1,1896.0
2023,50,Need State 1,0.0
2021,50,Need State 2,8244.75
2022,50,Need State 2,8076.0
2023,50,Need State 2,0.0
2021,50,Need State 3,6709.5
2022,50,Need State 3,4029.0
2023,50,Need State 3,0.0
2021,50,Need State 4,10371.75
2022,50,Need State 4,7985.25
2023,50,Need State 4,0.0
2021,50,Need State 5,187.5
2022,50,Need State 5,498.0
2023,50,Need State 5,0.0
2021,50,Need State 6,6168.0
2022,50,Need State 6,6060.75
2023,50,Need State 6,0.0
2021,51,Need State 1,2358.75
2022,51,Need State 1,2421.0
2023,51,Need State 1,0.0
2021,51,Need State 2,7518.0
2022,51,Need State 2,14489.25
2023,51,Need State 2,0.0
2021,51,Need State 3,6012.0
2022,51,Need State 3,9322.5
2023,51,Need State 3,0.0
2021,51,Need State 4,8635.5
2022,51,Need State 4,6142.5
2023,51,Need State 4,0.0
2021,51,Need State 5,382.5
2022,51,Need State 5,795.75
2023,51,Need State 5,0.0
2021,51,Need State 6,5531.25
2022,51,Need State 6,5622.75
2023,51,Need State 6,0.0
